origin	dest_hint	lines_seen
/run/media/mrhenrike/Data/Projects/UniaoGeek/XPL-Suite/WordListsForHacking-data/passwords/wlist_brasil.lst	passwords.lst	8782140
/run/media/mrhenrike/Data/Projects/UniaoGeek/XPL-Suite/WordListsForHacking-data/passwords/default-creds-combo.lst	default-creds.lst	3094
/run/media/mrhenrike/Data/Projects/UniaoGeek/XPL-Suite/WordListsForHacking-data/usernames/username_br.lst	users.lst	1666
/run/media/mrhenrike/Data/Projects/UniaoGeek/XPL-Suite/WordListsForHacking-data/fuzzing/discovery_br.lst	fuzzing.lst	898
/run/media/mrhenrike/Data/Projects/UniaoGeek/XPL-Suite/WordListsForHacking-data/labs/labs_users.lst	users.lst	11
/run/media/mrhenrike/Data/Projects/UniaoGeek/XPL-Suite/WordListsForHacking-data/labs/labs_passwords.lst	passwords.lst	118
/run/media/mrhenrike/Data/Projects/UniaoGeek/XPL-Suite/WordListsForHacking-data/labs/labs_mikrotik_pass.lst	passwords+default-creds	22
/run/media/mrhenrike/Data/Projects/UniaoGeek/XPL-Suite/WordListsForHacking-data/melissa_andrade.lst	passwords.lst	4322295
/run/media/mrhenrike/Data/Projects/UniaoGeek/XPL-Suite/WordListsForHacking-data/data/default_credentials.json	default-creds.lst+json	1560
/run/media/mrhenrike/Data/Projects/Labs/sec4us-github/helviojunior/BRWordList/Nomes/a-z.txt	users.lst	26
/run/media/mrhenrike/Data/Projects/Labs/sec4us-github/helviojunior/BRWordList/Nomes/nome.sobrenomes.txt	users.lst	1462482
/run/media/mrhenrike/Data/Projects/Labs/sec4us-github/helviojunior/BRWordList/Nomes/nome_primeiraletra.txt	users.lst	74880
/run/media/mrhenrike/Data/Projects/Labs/sec4us-github/helviojunior/BRWordList/Nomes/nomes.txt	users.lst	2863
/run/media/mrhenrike/Data/Projects/Labs/sec4us-github/helviojunior/BRWordList/Nomes/primeiraletra_sobrenome.txt	users.lst	10478
/run/media/mrhenrike/Data/Projects/Labs/sec4us-github/helviojunior/BRWordList/Nomes/sobrenomes.txt	users.lst	512
/run/media/mrhenrike/Data/Projects/Labs/sec4us-github/helviojunior/BRWordList/Descoberta/Web/API/openbanking.txt	fuzzing.lst	57
/run/media/mrhenrike/Data/Projects/Labs/sec4us-github/helviojunior/BRWordList/Descoberta/Web/comuns.txt	fuzzing.lst	46
/run/media/mrhenrike/Data/Projects/Labs/sec4us-github/helviojunior/BRWordList/Vulnerabilidades/DirectoryTransversal.txt	fuzzing.lst	890
/home/mrhenrike/Documentos/ciso-cti/shared/wordlists/sec4us_labs_usernames.lst	users.lst	78
/home/mrhenrike/Documentos/ciso-cti/shared/wordlists/sec4us_labs_passwords.lst	passwords.lst	41
/home/mrhenrike/Documentos/ciso-cti/shared/wordlists/sec4us_labs_hashes.lst	combo/*	30
/home/mrhenrike/Documentos/ciso-cti/sec4us-lab-ad/.tmp/spray_users.txt	users.lst	30
/home/mrhenrike/Documentos/ciso-cti/sec4us-lab-ad/.tmp/spray_pass.txt	passwords.lst	30
/home/mrhenrike/Documentos/ciso-cti/hacker101-ctf/logs/2026-10-02-petshop-flag2-ffuf-passmatch.txt	passwords.lst	23
/home/mrhenrike/Documentos/ciso-cti/hacker101-ctf/logs/2026-10-02-petshop-flag2-hydra-pass.txt	passwords.lst	9
/opt/redteam-tools/wordlists/tomcat_mgr_default_userpass.txt	default-creds.lst	33
/opt/redteam-tools/wordlists/tomcat_mgr_default_pass.txt	default-creds.lst	20
/run/media/mrhenrike/Data/Projects/Clients/OGASEC/OGASEC/vpn-creds.txt	secrets/*	4
/run/media/mrhenrike/Data/Projects/Clients/OGASEC/OGASEC/opticloud-tenant-isolation/02-scripts/02_smb_cred_test.py	secrets/tokens.lst	41
/run/media/mrhenrike/Data/Projects/Clients/OGASEC/OGASEC/opticloud-tenant-isolation/02-scripts/02_ssh_cred_test.py	secrets/tokens.lst	60
/run/media/mrhenrike/Data/Projects/Clients/OGASEC/OGASEC/opticloud-tenant-isolation/02-scripts/19_auth_known_creds.py	secrets/tokens.lst	326
/run/media/mrhenrike/Data/Projects/Clients/OGASEC/OGASEC/opticloud-tenant-isolation/05-logs/cred_validation_20260731_155411.txt	secrets/tokens.lst	2
/run/media/mrhenrike/Data/Projects/Clients/OGASEC/OGASEC/opticloud-tenant-isolation/05-logs/cred_validation_20260731_155534.txt	secrets/tokens.lst	2
/run/media/mrhenrike/Data/Projects/Clients/OGASEC/OGASEC/opticloud-tenant-isolation/01-access/ldsolutions-connector.ovpn	secrets/tokens.lst	86
/run/media/mrhenrike/Data/Projects/Clients/OGASEC/OGASEC/opticloud-tenant-isolation/01-access/ldsolutions.ovpn	secrets/tokens.lst	86
/run/media/mrhenrike/Data/Projects/Clients/OGASEC/OGASEC/opticloud-tenant-isolation/01-access/vpn-auth.txt	secrets/tokens.lst	2
/run/media/mrhenrike/Data/Projects/Clients/OGASEC/OGASEC/opticloud-tenant-isolation/02-scripts/_install_openvpn_community.ps1	secrets/tokens.lst	4
/run/media/mrhenrike/Data/Projects/Clients/OGASEC/OGASEC/opticloud-tenant-isolation/02-scripts/_vpn_elevate_connect.ps1	secrets/tokens.lst	10
/run/media/mrhenrike/Data/Projects/Clients/OGASEC/OGASEC/opticloud-tenant-isolation/05-logs/m2_pfsense_ldsolutions_vpnpass_body.html	secrets/tokens.lst	54
/run/media/mrhenrike/Data/Projects/Clients/OGASEC/OGASEC/opticloud-tenant-isolation/05-logs/openvpn_install.log	secrets/tokens.lst	7
/run/media/mrhenrike/Data/Projects/Clients/OGASEC/OGASEC/opticloud-tenant-isolation/05-logs/openvpn_linux_20260731_161455.log	secrets/tokens.lst	95
/run/media/mrhenrike/Data/Projects/Clients/OGASEC/OGASEC/opticloud-tenant-isolation/05-logs/openvpn_reconnect.log	secrets/tokens.lst	42
/run/media/mrhenrike/Data/Projects/Clients/OGASEC/OGASEC/opticloud-tenant-isolation/05-logs/smoke_via_vpn_20260731_155334.txt	secrets/tokens.lst	13
/run/media/mrhenrike/Data/Projects/Clients/OGASEC/OGASEC/opticloud-tenant-isolation/05-logs/smoke_via_vpn_20260731_161504.txt	secrets/tokens.lst	23
/run/media/mrhenrike/Data/Projects/Clients/OGASEC/OGASEC/opticloud-tenant-isolation/05-logs/vpn_restore_20260804_102446.log	secrets/tokens.lst	100
/run/media/mrhenrike/Data/Projects/Clients/OGASEC/OGASEC/opticloud-tenant-isolation/05-logs/vpn_restore_20260804_102446_sudo.txt	secrets/tokens.lst	1
/run/media/mrhenrike/Data/Projects/Clients/OGASEC/OGASEC/opticloud-tenant-isolation/05-logs/fw_assessment/page_vpn_ipsec.php.html	secrets/tokens.lst	412
/run/media/mrhenrike/Data/Projects/Clients/OGASEC/OGASEC/opticloud-tenant-isolation/05-logs/fw_assessment/page_vpn_ipsec_phase1.php.html	secrets/tokens.lst	921
/run/media/mrhenrike/Data/Projects/Clients/OGASEC/OGASEC/opticloud-tenant-isolation/05-logs/fw_assessment/page_vpn_ipsec_phase2.php.html	secrets/tokens.lst	822
/run/media/mrhenrike/Data/Projects/Clients/OGASEC/OGASEC/opticloud-tenant-isolation/05-logs/fw_assessment/page_vpn_l2tp.php.html	secrets/tokens.lst	531
/run/media/mrhenrike/Data/Projects/Clients/OGASEC/OGASEC/opticloud-tenant-isolation/05-logs/fw_assessment/page_vpn_openvpn_client.php.html	secrets/tokens.lst	547
/run/media/mrhenrike/Data/Projects/Clients/OGASEC/OGASEC/opticloud-tenant-isolation/05-logs/fw_assessment/page_vpn_openvpn_server.php.html	secrets/tokens.lst	850
/run/media/mrhenrike/Data/Projects/Clients/OGASEC/OGASEC/opticloud-tenant-isolation/05-logs/pentestgpt_47876_exec_20260802_183459/99_postcheck_vpn.txt	secrets/tokens.lst	15
/run/media/mrhenrike/Data/Projects/Clients/OGASEC/OGASEC/opticloud-tenant-isolation/05-logs/vpn_restore_20260802_030349/access_vpn_files.txt	secrets/tokens.lst	5
/run/media/mrhenrike/Data/Projects/Clients/OGASEC/OGASEC/opticloud-tenant-isolation/05-logs/vpn_restore_20260802_030349/env_vpn_vars.txt	secrets/tokens.lst	6
/run/media/mrhenrike/Data/Projects/Clients/OGASEC/OGASEC/opticloud-tenant-isolation/05-logs/vpn_restore_20260802_030349/openvpn_linux_restore.log	secrets/tokens.lst	2059
/run/media/mrhenrike/Data/Projects/Clients/OGASEC/OGASEC/opticloud-tenant-isolation/05-logs/vpn_restore_20260802_030349/ovpn_dirs.txt	secrets/tokens.lst	11
/run/media/mrhenrike/Data/Projects/Clients/OGASEC/OGASEC/opticloud-tenant-isolation/05-logs/vpn_restore_20260802_030349/vpn_ps.txt	secrets/tokens.lst	0
/run/media/mrhenrike/Data/Projects/Clients/OGASEC/OGASEC/opticloud-tenant-isolation/05-logs/vpn_restore_20260802_030349/vpn_ps_after.txt	secrets/tokens.lst	1
/run/media/mrhenrike/Data/Projects/Clients/OGASEC/OGASEC/opticloud-tenant-isolation/05-logs/vpn_restore_20260802_030349/vpn_services.txt	secrets/tokens.lst	0
/run/media/mrhenrike/Data/Projects/Clients/OGASEC/OGASEC/opticloud-tenant-isolation/03-poc/FIND-015-vmsa-2026-0006-stress/evidence/exec_revalidate_20260802/99_postcheck_vpn.txt	secrets/tokens.lst	15
/run/media/mrhenrike/Data/Projects/Clients/OGASEC/OGASEC/opticloud-tenant-isolation/01-access/_zip_extract/ldsolutions-UDP4-1194-ldsolutions-config.ovpn	secrets/tokens.lst	86
/run/media/mrhenrike/Data/Projects/Clients/OGASEC/OGASEC/opticloud-tenant-isolation/02-scripts/arsenal/grafana/from_github/event-driven-audio-analytics/deploy/k3s/secrets.example.yaml	secrets/tokens.lst	13
/run/media/mrhenrike/Data/Projects/Clients/OGASEC/OGASEC/opticloud-tenant-isolation/02-scripts/reporting_final/.venv/lib/python3.14/site-packages/pip/_vendor/packaging/_tokenizer.py	secrets/tokens.lst	164
/run/media/mrhenrike/Data/Projects/Clients/OGASEC/OGASEC/opticloud-tenant-isolation/02-scripts/reporting_final/.venv/lib/python3.14/site-packages/pip/_vendor/pygments/token.py	secrets/tokens.lst	165
/run/media/mrhenrike/Data/Projects/Clients/OGASEC/OGASEC/opticloud-tenant-isolation/02-scripts/reporting_final/.venv/lib/python3.14/site-packages/pip/_vendor/pygments/__pycache__/token.cpython-314.pyc	secrets/tokens.lst	70
/run/media/mrhenrike/Data/Projects/Clients/OGASEC/OGASEC/opticloud-tenant-isolation/02-scripts/reporting_final/.venv/lib/python3.14/site-packages/pip/_vendor/packaging/__pycache__/_tokenizer.cpython-314.pyc	secrets/tokens.lst	99
/run/media/mrhenrike/Data/Projects/Clients/OGASEC/OGASEC/opticloud-tenant-isolation/02-scripts/reporting_final/.venv/lib/python3.14/site-packages/openpyxl/formula/tokenizer.py	secrets/tokens.lst	347
/run/media/mrhenrike/Data/Projects/Clients/OGASEC/OGASEC/opticloud-tenant-isolation/02-scripts/reporting_final/.venv/lib/python3.14/site-packages/openpyxl/formula/__pycache__/tokenizer.cpython-314.pyc	secrets/tokens.lst	154
/run/media/mrhenrike/Data/Projects/Clients/OGASEC/OGASEC/opticloud-tenant-isolation/02-scripts/arsenal/zabbix/vulhub/nexus/CVE-2020-10199/admin.password	secrets/tokens.lst	1
/run/media/mrhenrike/Data/Projects/Clients/OGASEC/OGASEC/opticloud-tenant-isolation/02-scripts/arsenal/zabbix/vulhub/nexus/CVE-2020-10204/admin.password	secrets/tokens.lst	1
/run/media/mrhenrike/Data/Projects/Clients/OGASEC/OGASEC/opticloud-tenant-isolation/02-scripts/arsenal/zabbix/vulhub/nexus/CVE-2024-4956/admin.password	secrets/tokens.lst	1
/home/mrhenrike/ctf-challengers/token-challsec4us.txt	secrets/tokens.lst	1
